Distance,Date,Time
5.58,02/06/2026,04:59:11
5.66,02/06/2026,04:59:11
5.56,02/06/2026,04:59:11
5.68,02/06/2026,04:59:11
5.56,02/06/2026,04:59:12
5.68,02/06/2026,04:59:12
5.58,02/06/2026,04:59:12
5.66,02/06/2026,04:59:12
5.58,02/06/2026,04:59:12
5.66,02/06/2026,04:59:12
5.66,02/06/2026,04:59:12
5.66,02/06/2026,04:59:12
5.66,02/06/2026,04:59:12
5.68,02/06/2026,04:59:12
5.66,02/06/2026,04:59:12
5.66,02/06/2026,04:59:12
5.66,02/06/2026,04:59:12
5.66,02/06/2026,04:59:12
5.66,02/06/2026,04:59:12
5.66,02/06/2026,04:59:12
5.66,02/06/2026,04:59:13
5.66,02/06/2026,04:59:13
5.66,02/06/2026,04:59:13
5.68,02/06/2026,04:59:13
5.68,02/06/2026,04:59:13
5.68,02/06/2026,04:59:13
5.66,02/06/2026,04:59:13
5.66,02/06/2026,04:59:13
5.66,02/06/2026,04:59:13
5.68,02/06/2026,04:59:13
5.66,02/06/2026,04:59:14
5.66,02/06/2026,04:59:14
5.66,02/06/2026,04:59:14
5.66,02/06/2026,04:59:14
5.66,02/06/2026,04:59:14
5.68,02/06/2026,04:59:15
5.66,02/06/2026,04:59:15
5.66,02/06/2026,04:59:15
5.66,02/06/2026,04:59:15
5.68,02/06/2026,04:59:15
6.09,02/06/2026,04:59:15
5.66,02/06/2026,04:59:15
5.66,02/06/2026,04:59:15
5.66,02/06/2026,04:59:15
5.66,02/06/2026,04:59:15
5.66,02/06/2026,04:59:16
5.66,02/06/2026,04:59:16
5.66,02/06/2026,04:59:16
5.68,02/06/2026,04:59:16
5.66,02/06/2026,04:59:16
5.66,02/06/2026,04:59:16
5.66,02/06/2026,04:59:16
5.66,02/06/2026,04:59:16
5.66,02/06/2026,04:59:16
5.68,02/06/2026,04:59:16
5.68,02/06/2026,04:59:17
5.66,02/06/2026,04:59:17
5.58,02/06/2026,04:59:17
5.66,02/06/2026,04:59:17
5.56,02/06/2026,04:59:17
5.66,02/06/2026,04:59:17
5.58,02/06/2026,04:59:17
5.66,02/06/2026,04:59:18
5.56,02/06/2026,04:59:18
5.66,02/06/2026,04:59:18
5.56,02/06/2026,04:59:18
5.66,02/06/2026,04:59:18
5.58,02/06/2026,04:59:18
5.68,02/06/2026,04:59:18
5.56,02/06/2026,04:59:18
5.68,02/06/2026,04:59:18
5.56,02/06/2026,04:59:18
5.68,02/06/2026,04:59:18
5.56,02/06/2026,04:59:18
5.68,02/06/2026,04:59:18
5.58,02/06/2026,04:59:18
5.68,02/06/2026,04:59:18
5.58,02/06/2026,04:59:18
5.68,02/06/2026,04:59:18
5.56,02/06/2026,04:59:18
5.66,02/06/2026,04:59:19
5.58,02/06/2026,04:59:19
5.66,02/06/2026,04:59:19
5.56,02/06/2026,04:59:19
5.66,02/06/2026,04:59:19
5.56,02/06/2026,04:59:19
5.66,02/06/2026,04:59:19
5.58,02/06/2026,04:59:19
5.66,02/06/2026,04:59:19
5.56,02/06/2026,04:59:19
5.66,02/06/2026,04:59:20
5.56,02/06/2026,04:59:20
5.66,02/06/2026,04:59:20
5.56,02/06/2026,04:59:20
5.66,02/06/2026,04:59:20
5.56,02/06/2026,04:59:20
5.66,02/06/2026,04:59:20
5.56,02/06/2026,04:59:20
5.66,02/06/2026,04:59:20
5.56,02/06/2026,04:59:20
5.66,02/06/2026,04:59:21
5.58,02/06/2026,04:59:21
5.68,02/06/2026,04:59:21
5.58,02/06/2026,04:59:21
5.68,02/06/2026,04:59:21
5.56,02/06/2026,04:59:21
5.66,02/06/2026,04:59:21
5.56,02/06/2026,04:59:21
5.68,02/06/2026,04:59:21
5.56,02/06/2026,04:59:22
5.66,02/06/2026,04:59:22
5.56,02/06/2026,04:59:22
5.66,02/06/2026,04:59:22
5.56,02/06/2026,04:59:22
5.68,02/06/2026,04:59:22
5.58,02/06/2026,04:59:22
5.66,02/06/2026,04:59:22
5.63,02/06/2026,04:59:22
5.66,02/06/2026,04:59:22
5.66,02/06/2026,04:59:23
5.66,02/06/2026,04:59:23
5.68,02/06/2026,04:59:23
5.66,02/06/2026,04:59:23
5.68,02/06/2026,04:59:23
5.66,02/06/2026,04:59:23
5.66,02/06/2026,04:59:23
5.68,02/06/2026,04:59:23
5.68,02/06/2026,04:59:23
5.68,02/06/2026,04:59:23
5.66,02/06/2026,04:59:24
5.66,02/06/2026,04:59:24
5.66,02/06/2026,04:59:24
5.66,02/06/2026,04:59:24
5.66,02/06/2026,04:59:24
5.66,02/06/2026,04:59:24
5.68,02/06/2026,04:59:24
5.66,02/06/2026,04:59:24
5.66,02/06/2026,04:59:24
5.68,02/06/2026,04:59:24
5.66,02/06/2026,04:59:25
5.66,02/06/2026,04:59:25
5.66,02/06/2026,04:59:25
5.66,02/06/2026,04:59:25
5.66,02/06/2026,04:59:25
5.66,02/06/2026,04:59:25
5.66,02/06/2026,04:59:25
5.66,02/06/2026,04:59:25
5.66,02/06/2026,04:59:25
5.66,02/06/2026,04:59:25
5.68,02/06/2026,04:59:26
5.66,02/06/2026,04:59:26
5.66,02/06/2026,04:59:26
5.68,02/06/2026,04:59:26
5.68,02/06/2026,04:59:26
5.66,02/06/2026,04:59:26
5.66,02/06/2026,04:59:26
5.68,02/06/2026,04:59:27
5.66,02/06/2026,04:59:27
5.66,02/06/2026,04:59:27
5.66,02/06/2026,04:59:27
5.66,02/06/2026,04:59:27
5.66,02/06/2026,04:59:27
5.66,02/06/2026,04:59:28
5.68,02/06/2026,04:59:28
5.66,02/06/2026,04:59:28
5.66,02/06/2026,04:59:28
5.56,02/06/2026,04:59:28
5.66,02/06/2026,04:59:28
5.56,02/06/2026,04:59:28
6.09,02/06/2026,04:59:28
5.98,02/06/2026,04:59:28
6.09,02/06/2026,04:59:28
5.66,02/06/2026,04:59:28
5.66,02/06/2026,04:59:28
5.68,02/06/2026,04:59:28
5.66,02/06/2026,04:59:28
5.66,02/06/2026,04:59:28
5.66,02/06/2026,04:59:31
5.64,02/06/2026,04:59:31
5.68,02/06/2026,04:59:31
5.56,02/06/2026,04:59:31
5.68,02/06/2026,04:59:31
5.56,02/06/2026,04:59:31
5.68,02/06/2026,04:59:31
5.58,02/06/2026,04:59:31
6.09,02/06/2026,04:59:32
5.98,02/06/2026,04:59:32
6.09,02/06/2026,04:59:32
6.09,02/06/2026,04:59:32
6.09,02/06/2026,04:59:32
5.66,02/06/2026,04:59:32
5.68,02/06/2026,04:59:32
5.68,02/06/2026,04:59:32
5.68,02/06/2026,04:59:32
5.68,02/06/2026,04:59:32
5.66,02/06/2026,04:59:32
5.66,02/06/2026,04:59:32
5.66,02/06/2026,04:59:32
5.68,02/06/2026,04:59:32
5.68,02/06/2026,04:59:32
5.66,02/06/2026,04:59:32
5.68,02/06/2026,04:59:32
5.59,02/06/2026,04:59:32
5.66,02/06/2026,04:59:32
5.58,02/06/2026,04:59:32
5.66,02/06/2026,04:59:32
5.56,02/06/2026,04:59:33
6.09,02/06/2026,04:59:33
5.98,02/06/2026,04:59:33
5.66,02/06/2026,04:59:33
5.68,02/06/2026,04:59:33
5.66,02/06/2026,04:59:33
5.61,02/06/2026,04:59:33
5.66,02/06/2026,04:59:33
5.58,02/06/2026,04:59:33
5.68,02/06/2026,04:59:33
5.58,02/06/2026,04:59:33
5.68,02/06/2026,04:59:33
5.56,02/06/2026,04:59:33
5.66,02/06/2026,04:59:33
5.56,02/06/2026,04:59:33
5.68,02/06/2026,04:59:33
5.58,02/06/2026,04:59:33
5.66,02/06/2026,04:59:33
5.56,02/06/2026,04:59:33
5.68,02/06/2026,04:59:33
5.56,02/06/2026,04:59:33
5.68,02/06/2026,04:59:34
5.56,02/06/2026,04:59:34
5.66,02/06/2026,04:59:34
5.56,02/06/2026,04:59:34
5.68,02/06/2026,04:59:34
5.58,02/06/2026,04:59:34
6.09,02/06/2026,04:59:34
5.56,02/06/2026,04:59:34
5.66,02/06/2026,04:59:34
5.56,02/06/2026,04:59:34
5.68,02/06/2026,04:59:34
5.56,02/06/2026,04:59:35
5.66,02/06/2026,04:59:35
5.56,02/06/2026,04:59:35
5.66,02/06/2026,04:59:35
5.58,02/06/2026,04:59:35
5.68,02/06/2026,04:59:35
5.56,02/06/2026,04:59:35
5.66,02/06/2026,04:59:35
5.58,02/06/2026,04:59:35
5.68,02/06/2026,04:59:35
5.56,02/06/2026,04:59:36
5.68,02/06/2026,04:59:36
5.56,02/06/2026,04:59:36
6.09,02/06/2026,04:59:36
5.98,02/06/2026,04:59:36
6.09,02/06/2026,04:59:36
5.98,02/06/2026,04:59:36
6.09,02/06/2026,04:59:36
5.98,02/06/2026,04:59:36
6.09,02/06/2026,04:59:36
6.04,02/06/2026,04:59:37
5.68,02/06/2026,04:59:37
6.09,02/06/2026,04:59:37
6.09,02/06/2026,04:59:37
6.09,02/06/2026,04:59:37
6.09,02/06/2026,04:59:37
6.09,02/06/2026,04:59:37
6.09,02/06/2026,04:59:37
6.09,02/06/2026,04:59:37
6.09,02/06/2026,04:59:37
6.09,02/06/2026,04:59:38
6.09,02/06/2026,04:59:38
5.66,02/06/2026,04:59:38
5.68,02/06/2026,04:59:38
5.68,02/06/2026,04:59:38
5.66,02/06/2026,04:59:38
5.68,02/06/2026,04:59:38
6.09,02/06/2026,04:59:38
6.09,02/06/2026,04:59:38
5.98,02/06/2026,04:59:38
6.09,02/06/2026,04:59:39
5.58,02/06/2026,04:59:39
5.68,02/06/2026,04:59:39
5.58,02/06/2026,04:59:39
5.66,02/06/2026,04:59:39
5.98,02/06/2026,04:59:39
5.66,02/06/2026,04:59:39
5.66,02/06/2026,04:59:39
6.09,02/06/2026,04:59:39
5.98,02/06/2026,04:59:39
5.66,02/06/2026,04:59:40
5.56,02/06/2026,04:59:40
6.09,02/06/2026,04:59:40
5.98,02/06/2026,04:59:40
6.09,02/06/2026,04:59:40
5.98,02/06/2026,04:59:40
6.09,02/06/2026,04:59:40
5.98,02/06/2026,04:59:40
6.09,02/06/2026,04:59:40
5.98,02/06/2026,04:59:40
6.09,02/06/2026,04:59:41
6.0,02/06/2026,04:59:41
6.09,02/06/2026,04:59:41
5.58,02/06/2026,04:59:41
6.1,02/06/2026,04:59:41
5.56,02/06/2026,04:59:41
5.66,02/06/2026,04:59:41
5.98,02/06/2026,04:59:41
5.66,02/06/2026,04:59:41
5.56,02/06/2026,04:59:41
5.66,02/06/2026,04:59:42
5.98,02/06/2026,04:59:42
6.09,02/06/2026,04:59:42
5.56,02/06/2026,04:59:42
5.68,02/06/2026,04:59:42
5.58,02/06/2026,04:59:42
5.68,02/06/2026,04:59:42
5.56,02/06/2026,04:59:42
5.68,02/06/2026,04:59:42
5.58,02/06/2026,04:59:42
5.68,02/06/2026,04:59:43
5.47,02/06/2026,04:59:43
5.58,02/06/2026,04:59:43
5.9,02/06/2026,04:59:43
7.6,02/06/2026,04:59:43
8.02,02/06/2026,04:59:43
9.44,02/06/2026,04:59:43
9.47,02/06/2026,04:59:43
10.97,02/06/2026,04:59:43
12.39,02/06/2026,04:59:43
14.08,02/06/2026,04:59:44
994.31,02/06/2026,04:59:44
15.27,02/06/2026,04:59:44
13.58,02/06/2026,04:59:44
14.01,02/06/2026,04:59:44
14.01,02/06/2026,04:59:44
13.58,02/06/2026,04:59:44
13.58,02/06/2026,04:59:44
13.58,02/06/2026,04:59:44
12.73,02/06/2026,04:59:45
12.73,02/06/2026,04:59:45
12.73,02/06/2026,04:59:45
12.73,02/06/2026,04:59:45
13.16,02/06/2026,04:59:45
12.73,02/06/2026,04:59:45
12.73,02/06/2026,04:59:45
12.75,02/06/2026,04:59:45
12.84,02/06/2026,04:59:45
12.85,02/06/2026,04:59:45
12.84,02/06/2026,04:59:46
12.85,02/06/2026,04:59:46
12.85,02/06/2026,04:59:46
13.16,02/06/2026,04:59:46
13.58,02/06/2026,04:59:46
13.58,02/06/2026,04:59:46
13.58,02/06/2026,04:59:46
13.58,02/06/2026,04:59:46
13.57,02/06/2026,04:59:46
13.16,02/06/2026,04:59:46
13.58,02/06/2026,04:59:47
13.58,02/06/2026,04:59:47
14.01,02/06/2026,04:59:47
13.99,02/06/2026,04:59:47
14.52,02/06/2026,04:59:47
14.54,02/06/2026,04:59:47
14.52,02/06/2026,04:59:47
14.54,02/06/2026,04:59:47
14.43,02/06/2026,04:59:47
14.43,02/06/2026,04:59:48
14.43,02/06/2026,04:59:48
13.99,02/06/2026,04:59:48
13.58,02/06/2026,04:59:48
13.58,02/06/2026,04:59:48
13.16,02/06/2026,04:59:48
13.41,02/06/2026,04:59:48
13.41,02/06/2026,04:59:48
13.16,02/06/2026,04:59:48
13.16,02/06/2026,04:59:48
13.58,02/06/2026,04:59:49
13.16,02/06/2026,04:59:49
13.21,02/06/2026,04:59:49
13.48,02/06/2026,04:59:49
13.58,02/06/2026,04:59:49
13.58,02/06/2026,04:59:49
13.58,02/06/2026,04:59:49
14.01,02/06/2026,04:59:49
13.99,02/06/2026,04:59:49
13.58,02/06/2026,04:59:49
13.58,02/06/2026,04:59:50
13.16,02/06/2026,04:59:50
13.45,02/06/2026,04:59:50
13.26,02/06/2026,04:59:50
13.26,02/06/2026,04:59:50
13.52,02/06/2026,04:59:50
13.69,02/06/2026,04:59:50
14.11,02/06/2026,04:59:50
13.67,02/06/2026,04:59:50
13.26,02/06/2026,04:59:50
13.26,02/06/2026,04:59:51
13.52,02/06/2026,04:59:51
13.52,02/06/2026,04:59:51
13.26,02/06/2026,04:59:51
13.26,02/06/2026,04:59:51
13.26,02/06/2026,04:59:51
13.52,02/06/2026,04:59:51
13.26,02/06/2026,04:59:51
13.26,02/06/2026,04:59:51
13.69,02/06/2026,04:59:51
13.69,02/06/2026,04:59:52
13.69,02/06/2026,04:59:52
13.69,02/06/2026,04:59:52
13.69,02/06/2026,04:59:52
14.11,02/06/2026,04:59:52
14.11,02/06/2026,04:59:52
14.11,02/06/2026,04:59:52
14.11,02/06/2026,04:59:52
14.01,02/06/2026,04:59:52
13.99,02/06/2026,04:59:52
14.01,02/06/2026,04:59:53
14.01,02/06/2026,04:59:53
14.01,02/06/2026,04:59:53
14.01,02/06/2026,04:59:53
13.58,02/06/2026,04:59:53
14.01,02/06/2026,04:59:53
14.01,02/06/2026,04:59:53
13.58,02/06/2026,04:59:53
13.58,02/06/2026,04:59:53
13.58,02/06/2026,04:59:53
13.58,02/06/2026,04:59:54
13.58,02/06/2026,04:59:54
13.16,02/06/2026,04:59:54
13.16,02/06/2026,04:59:54
13.16,02/06/2026,04:59:54
12.84,02/06/2026,04:59:54
12.84,02/06/2026,04:59:54
13.52,02/06/2026,04:59:54
12.84,02/06/2026,04:59:54
13.52,02/06/2026,04:59:55
13.26,02/06/2026,04:59:55
13.52,02/06/2026,04:59:55
13.26,02/06/2026,04:59:55
13.26,02/06/2026,04:59:55
13.52,02/06/2026,04:59:55
13.69,02/06/2026,04:59:55
13.26,02/06/2026,04:59:55
13.52,02/06/2026,04:59:55
13.52,02/06/2026,04:59:55
13.69,02/06/2026,04:59:56
13.69,02/06/2026,04:59:56
13.69,02/06/2026,04:59:56
13.69,02/06/2026,04:59:56
13.69,02/06/2026,04:59:56
13.69,02/06/2026,04:59:56
14.11,02/06/2026,04:59:56
14.11,02/06/2026,04:59:56
14.11,02/06/2026,04:59:56
14.11,02/06/2026,04:59:56
14.09,02/06/2026,04:59:57
14.11,02/06/2026,04:59:57
14.11,02/06/2026,04:59:57
13.58,02/06/2026,04:59:57
13.99,02/06/2026,04:59:57
14.01,02/06/2026,04:59:57
14.43,02/06/2026,04:59:57
14.43,02/06/2026,04:59:57
14.84,02/06/2026,04:59:57
14.84,02/06/2026,04:59:57
14.86,02/06/2026,04:59:58
14.86,02/06/2026,04:59:58
14.84,02/06/2026,04:59:58
14.42,02/06/2026,04:59:58
14.42,02/06/2026,04:59:58
14.43,02/06/2026,04:59:58
13.99,02/06/2026,04:59:58
14.01,02/06/2026,04:59:58
14.01,02/06/2026,04:59:58
14.43,02/06/2026,04:59:58
14.43,02/06/2026,04:59:59
14.43,02/06/2026,04:59:59
14.11,02/06/2026,04:59:59
14.11,02/06/2026,04:59:59
14.11,02/06/2026,04:59:59
14.11,02/06/2026,04:59:59
14.11,02/06/2026,04:59:59
14.01,02/06/2026,04:59:59
13.58,02/06/2026,04:59:59
13.58,02/06/2026,04:59:59
13.58,02/06/2026,05:00:00
13.58,02/06/2026,05:00:00
13.58,02/06/2026,05:00:00
13.58,02/06/2026,05:00:00
13.58,02/06/2026,05:00:00
13.58,02/06/2026,05:00:00
13.58,02/06/2026,05:00:00
13.58,02/06/2026,05:00:00
14.01,02/06/2026,05:00:00
14.01,02/06/2026,05:00:00
14.01,02/06/2026,05:00:01
13.58,02/06/2026,05:00:01
13.58,02/06/2026,05:00:01
13.58,02/06/2026,05:00:01
13.58,02/06/2026,05:00:01
13.58,02/06/2026,05:00:01
13.99,02/06/2026,05:00:01
13.58,02/06/2026,05:00:01
13.58,02/06/2026,05:00:01
13.58,02/06/2026,05:00:01
13.58,02/06/2026,05:00:02
14.01,02/06/2026,05:00:02
14.01,02/06/2026,05:00:02
14.43,02/06/2026,05:00:02
14.01,02/06/2026,05:00:02
13.99,02/06/2026,05:00:02
14.01,02/06/2026,05:00:02
14.01,02/06/2026,05:00:02
13.58,02/06/2026,05:00:02
14.01,02/06/2026,05:00:03
14.01,02/06/2026,05:00:03
14.01,02/06/2026,05:00:03
14.42,02/06/2026,05:00:03
14.42,02/06/2026,05:00:03
14.42,02/06/2026,05:00:03
14.84,02/06/2026,05:00:03
14.84,02/06/2026,05:00:03
15.27,02/06/2026,05:00:03
14.84,02/06/2026,05:00:03
14.43,02/06/2026,05:00:04
14.42,02/06/2026,05:00:04
14.94,02/06/2026,05:00:04
14.94,02/06/2026,05:00:04
14.48,02/06/2026,05:00:04
13.99,02/06/2026,05:00:04
13.41,02/06/2026,05:00:04
12.43,02/06/2026,05:00:04
12.43,02/06/2026,05:00:04
12.41,02/06/2026,05:00:04
12.43,02/06/2026,05:00:05
12.31,02/06/2026,05:00:05
12.73,02/06/2026,05:00:05
12.73,02/06/2026,05:00:05
12.73,02/06/2026,05:00:05
12.31,02/06/2026,05:00:05
12.73,02/06/2026,05:00:05
12.73,02/06/2026,05:00:05
12.73,02/06/2026,05:00:05
12.73,02/06/2026,05:00:05
12.73,02/06/2026,05:00:06
12.73,02/06/2026,05:00:06
12.73,02/06/2026,05:00:06
12.31,02/06/2026,05:00:06
12.41,02/06/2026,05:00:06
12.43,02/06/2026,05:00:06
12.41,02/06/2026,05:00:06
12.85,02/06/2026,05:00:06
12.75,02/06/2026,05:00:06
12.73,02/06/2026,05:00:06
12.31,02/06/2026,05:00:07
12.31,02/06/2026,05:00:07
12.31,02/06/2026,05:00:07
12.33,02/06/2026,05:00:07
12.31,02/06/2026,05:00:07
12.73,02/06/2026,05:00:07
12.75,02/06/2026,05:00:07
12.73,02/06/2026,05:00:07
13.41,02/06/2026,05:00:07
13.58,02/06/2026,05:00:07
13.58,02/06/2026,05:00:08
13.57,02/06/2026,05:00:08
14.01,02/06/2026,05:00:08
13.99,02/06/2026,05:00:08
14.01,02/06/2026,05:00:08
13.58,02/06/2026,05:00:08
13.58,02/06/2026,05:00:08
13.58,02/06/2026,05:00:08
13.58,02/06/2026,05:00:08
13.99,02/06/2026,05:00:08
14.42,02/06/2026,05:00:09
14.43,02/06/2026,05:00:09
14.42,02/06/2026,05:00:09
14.86,02/06/2026,05:00:09
14.84,02/06/2026,05:00:09
14.86,02/06/2026,05:00:09
15.27,02/06/2026,05:00:09
15.69,02/06/2026,05:00:09
14.84,02/06/2026,05:00:09
14.09,02/06/2026,05:00:10
13.69,02/06/2026,05:00:10
13.69,02/06/2026,05:00:10
13.52,02/06/2026,05:00:10
13.26,02/06/2026,05:00:10
13.52,02/06/2026,05:00:10
13.26,02/06/2026,05:00:10
13.26,02/06/2026,05:00:10
13.16,02/06/2026,05:00:10
13.16,02/06/2026,05:00:10
13.41,02/06/2026,05:00:11
13.58,02/06/2026,05:00:11
13.58,02/06/2026,05:00:11
13.58,02/06/2026,05:00:11
13.16,02/06/2026,05:00:11
13.41,02/06/2026,05:00:11
13.41,02/06/2026,05:00:11
13.16,02/06/2026,05:00:11
13.16,02/06/2026,05:00:11
13.16,02/06/2026,05:00:11
13.16,02/06/2026,05:00:12
13.16,02/06/2026,05:00:12
13.41,02/06/2026,05:00:12
13.41,02/06/2026,05:00:12
13.58,02/06/2026,05:00:12
13.57,02/06/2026,05:00:12
13.99,02/06/2026,05:00:12
14.01,02/06/2026,05:00:12
13.99,02/06/2026,05:00:12
14.43,02/06/2026,05:00:12
14.43,02/06/2026,05:00:13
14.43,02/06/2026,05:00:13
14.42,02/06/2026,05:00:13
14.54,02/06/2026,05:00:13
14.52,02/06/2026,05:00:13
14.52,02/06/2026,05:00:13
14.86,02/06/2026,05:00:13
14.86,02/06/2026,05:00:13
14.86,02/06/2026,05:00:13
14.84,02/06/2026,05:00:13
14.42,02/06/2026,05:00:14
14.42,02/06/2026,05:00:14
14.84,02/06/2026,05:00:14
14.42,02/06/2026,05:00:14
13.99,02/06/2026,05:00:14
13.58,02/06/2026,05:00:14
13.58,02/06/2026,05:00:14
13.57,02/06/2026,05:00:14
13.58,02/06/2026,05:00:14
14.01,02/06/2026,05:00:14
14.01,02/06/2026,05:00:15
14.01,02/06/2026,05:00:15
13.58,02/06/2026,05:00:15
13.58,02/06/2026,05:00:15
13.58,02/06/2026,05:00:15
13.41,02/06/2026,05:00:15
13.58,02/06/2026,05:00:15
13.41,02/06/2026,05:00:15
13.41,02/06/2026,05:00:15
13.41,02/06/2026,05:00:15
13.16,02/06/2026,05:00:16
13.16,02/06/2026,05:00:16
13.58,02/06/2026,05:00:16
13.16,02/06/2026,05:00:16
13.58,02/06/2026,05:00:16
14.01,02/06/2026,05:00:16
14.01,02/06/2026,05:00:16
14.01,02/06/2026,05:00:16
13.99,02/06/2026,05:00:16
14.01,02/06/2026,05:00:17
14.01,02/06/2026,05:00:17
14.01,02/06/2026,05:00:17
14.01,02/06/2026,05:00:17
14.01,02/06/2026,05:00:17
14.42,02/06/2026,05:00:17
14.43,02/06/2026,05:00:17
14.43,02/06/2026,05:00:17
14.42,02/06/2026,05:00:17
14.01,02/06/2026,05:00:17
14.01,02/06/2026,05:00:18
14.11,02/06/2026,05:00:18
14.11,02/06/2026,05:00:18
14.11,02/06/2026,05:00:18
13.69,02/06/2026,05:00:18
13.69,02/06/2026,05:00:18
13.69,02/06/2026,05:00:18
13.69,02/06/2026,05:00:18
13.69,02/06/2026,05:00:18
13.69,02/06/2026,05:00:18
13.69,02/06/2026,05:00:19
13.69,02/06/2026,05:00:19
13.26,02/06/2026,05:00:19
13.69,02/06/2026,05:00:19
13.69,02/06/2026,05:00:19
13.69,02/06/2026,05:00:19
13.69,02/06/2026,05:00:19
13.69,02/06/2026,05:00:19
14.11,02/06/2026,05:00:19
14.11,02/06/2026,05:00:19
14.42,02/06/2026,05:00:20
14.43,02/06/2026,05:00:20
14.42,02/06/2026,05:00:20
14.42,02/06/2026,05:00:20
14.01,02/06/2026,05:00:20
14.01,02/06/2026,05:00:20
13.99,02/06/2026,05:00:20
14.01,02/06/2026,05:00:20
14.01,02/06/2026,05:00:20
14.42,02/06/2026,05:00:20
14.42,02/06/2026,05:00:21
14.42,02/06/2026,05:00:21
14.01,02/06/2026,05:00:21
14.01,02/06/2026,05:00:21
14.01,02/06/2026,05:00:21
14.01,02/06/2026,05:00:21
14.01,02/06/2026,05:00:21
13.99,02/06/2026,05:00:21
14.43,02/06/2026,05:00:21
14.43,02/06/2026,05:00:21
14.43,02/06/2026,05:00:22
14.43,02/06/2026,05:00:22
14.42,02/06/2026,05:00:22
14.43,02/06/2026,05:00:22
14.45,02/06/2026,05:00:22
14.52,02/06/2026,05:00:22
14.54,02/06/2026,05:00:22
14.52,02/06/2026,05:00:22
14.43,02/06/2026,05:00:22
14.43,02/06/2026,05:00:22
14.43,02/06/2026,05:00:23
14.43,02/06/2026,05:00:23
14.42,02/06/2026,05:00:23
14.43,02/06/2026,05:00:23
14.43,02/06/2026,05:00:23
14.42,02/06/2026,05:00:23
14.43,02/06/2026,05:00:23
14.43,02/06/2026,05:00:23
14.43,02/06/2026,05:00:23
14.43,02/06/2026,05:00:23
14.43,02/06/2026,05:00:24
14.42,02/06/2026,05:00:24
14.42,02/06/2026,05:00:24
13.99,02/06/2026,05:00:24
14.01,02/06/2026,05:00:24
14.01,02/06/2026,05:00:24
14.43,02/06/2026,05:00:24
14.52,02/06/2026,05:00:24
14.54,02/06/2026,05:00:24
14.52,02/06/2026,05:00:25
14.42,02/06/2026,05:00:25
14.43,02/06/2026,05:00:25
14.43,02/06/2026,05:00:25
14.42,02/06/2026,05:00:25
14.42,02/06/2026,05:00:25
14.43,02/06/2026,05:00:25
14.42,02/06/2026,05:00:25
14.42,02/06/2026,05:00:25
14.43,02/06/2026,05:00:25
14.43,02/06/2026,05:00:26
14.42,02/06/2026,05:00:26
14.01,02/06/2026,05:00:26
14.42,02/06/2026,05:00:26
13.99,02/06/2026,05:00:26
13.99,02/06/2026,05:00:26
14.01,02/06/2026,05:00:27
14.01,02/06/2026,05:00:27
14.01,02/06/2026,05:00:27
13.99,02/06/2026,05:00:27
13.58,02/06/2026,05:00:27
13.58,02/06/2026,05:00:27
13.58,02/06/2026,05:00:27
13.16,02/06/2026,05:00:27
13.58,02/06/2026,05:00:27
13.58,02/06/2026,05:00:28
13.58,02/06/2026,05:00:28
13.58,02/06/2026,05:00:28
13.58,02/06/2026,05:00:28
13.58,02/06/2026,05:00:28
13.58,02/06/2026,05:00:28
13.58,02/06/2026,05:00:28
13.58,02/06/2026,05:00:28
13.58,02/06/2026,05:00:28
14.01,02/06/2026,05:00:28
13.99,02/06/2026,05:00:28
14.01,02/06/2026,05:00:28
14.01,02/06/2026,05:00:28
14.01,02/06/2026,05:00:28
14.01,02/06/2026,05:00:28
14.01,02/06/2026,05:00:29
14.01,02/06/2026,05:00:29
13.99,02/06/2026,05:00:29
13.99,02/06/2026,05:00:29
14.04,02/06/2026,05:00:29
14.11,02/06/2026,05:00:29
14.11,02/06/2026,05:00:29
14.11,02/06/2026,05:00:29
14.11,02/06/2026,05:00:29
13.69,02/06/2026,05:00:29
13.26,02/06/2026,05:00:30
13.26,02/06/2026,05:00:30
12.84,02/06/2026,05:00:30
13.26,02/06/2026,05:00:30
12.84,02/06/2026,05:00:30
12.73,02/06/2026,05:00:30
12.73,02/06/2026,05:00:30
12.73,02/06/2026,05:00:30
12.75,02/06/2026,05:00:30
12.73,02/06/2026,05:00:30
12.73,02/06/2026,05:00:31
12.73,02/06/2026,05:00:31
12.73,02/06/2026,05:00:31
12.73,02/06/2026,05:00:31
12.73,02/06/2026,05:00:31
12.73,02/06/2026,05:00:31
12.73,02/06/2026,05:00:31
13.16,02/06/2026,05:00:31
13.16,02/06/2026,05:00:31
13.58,02/06/2026,05:00:32
13.58,02/06/2026,05:00:32
14.01,02/06/2026,05:00:32
14.01,02/06/2026,05:00:32
14.01,02/06/2026,05:00:32
14.01,02/06/2026,05:00:32
14.42,02/06/2026,05:00:32
14.01,02/06/2026,05:00:32
13.99,02/06/2026,05:00:32
13.58,02/06/2026,05:00:32
12.31,02/06/2026,05:00:33
11.9,02/06/2026,05:00:33
12.33,02/06/2026,05:00:33
12.41,02/06/2026,05:00:33
12.43,02/06/2026,05:00:33
12.84,02/06/2026,05:00:33
12.84,02/06/2026,05:00:33
12.84,02/06/2026,05:00:33
12.73,02/06/2026,05:00:33
12.33,02/06/2026,05:00:33
12.33,02/06/2026,05:00:34
12.73,02/06/2026,05:00:34
12.73,02/06/2026,05:00:34
12.73,02/06/2026,05:00:34
12.33,02/06/2026,05:00:34
12.31,02/06/2026,05:00:34
12.31,02/06/2026,05:00:34
12.31,02/06/2026,05:00:34
12.33,02/06/2026,05:00:34
12.41,02/06/2026,05:00:34
12.41,02/06/2026,05:00:35
12.84,02/06/2026,05:00:35
12.84,02/06/2026,05:00:35
12.84,02/06/2026,05:00:35
12.73,02/06/2026,05:00:35
12.73,02/06/2026,05:00:36
12.73,02/06/2026,05:00:36
13.16,02/06/2026,05:00:37
13.16,02/06/2026,05:00:37
13.58,02/06/2026,05:00:37
13.58,02/06/2026,05:00:37
13.58,02/06/2026,05:00:37
13.58,02/06/2026,05:00:37
13.58,02/06/2026,05:00:37
14.01,02/06/2026,05:00:37
13.58,02/06/2026,05:00:37
14.01,02/06/2026,05:00:37
14.01,02/06/2026,05:00:37
14.43,02/06/2026,05:00:37
14.42,02/06/2026,05:00:37
14.43,02/06/2026,05:00:37
14.43,02/06/2026,05:00:37
14.52,02/06/2026,05:00:37
14.52,02/06/2026,05:00:37
14.52,02/06/2026,05:00:37
14.42,02/06/2026,05:00:37
14.42,02/06/2026,05:00:37
14.43,02/06/2026,05:00:38
14.01,02/06/2026,05:00:38
14.01,02/06/2026,05:00:38
14.01,02/06/2026,05:00:38
14.01,02/06/2026,05:00:38
13.58,02/06/2026,05:00:38
13.58,02/06/2026,05:00:38
13.58,02/06/2026,05:00:38
14.01,02/06/2026,05:00:38
14.01,02/06/2026,05:00:38
14.01,02/06/2026,05:00:38
13.99,02/06/2026,05:00:38
13.99,02/06/2026,05:00:39
14.01,02/06/2026,05:00:39
14.42,02/06/2026,05:00:39
14.42,02/06/2026,05:00:39
14.42,02/06/2026,05:00:39
14.42,02/06/2026,05:00:39
14.84,02/06/2026,05:00:39
14.84,02/06/2026,05:00:39
14.84,02/06/2026,05:00:39
14.84,02/06/2026,05:00:39
14.84,02/06/2026,05:00:40
14.94,02/06/2026,05:00:40
14.96,02/06/2026,05:00:40
14.11,02/06/2026,05:00:40
13.69,02/06/2026,05:00:40
14.01,02/06/2026,05:00:40
13.58,02/06/2026,05:00:40
13.58,02/06/2026,05:00:40
14.01,02/06/2026,05:00:40
14.01,02/06/2026,05:00:40
14.42,02/06/2026,05:00:41
14.42,02/06/2026,05:00:41
14.01,02/06/2026,05:00:41
14.01,02/06/2026,05:00:41
14.01,02/06/2026,05:00:41
13.99,02/06/2026,05:00:41
13.58,02/06/2026,05:00:41
13.58,02/06/2026,05:00:41
13.58,02/06/2026,05:00:41
13.58,02/06/2026,05:00:41
14.01,02/06/2026,05:00:42
13.58,02/06/2026,05:00:42
13.58,02/06/2026,05:00:42
13.16,02/06/2026,05:00:42
13.16,02/06/2026,05:00:42
13.41,02/06/2026,05:00:42
13.41,02/06/2026,05:00:42
13.58,02/06/2026,05:00:42
13.58,02/06/2026,05:00:42
13.58,02/06/2026,05:00:42
13.58,02/06/2026,05:00:43
13.58,02/06/2026,05:00:43
13.58,02/06/2026,05:00:43
13.58,02/06/2026,05:00:43
13.58,02/06/2026,05:00:43
13.99,02/06/2026,05:00:43
14.01,02/06/2026,05:00:43
14.01,02/06/2026,05:00:43
14.01,02/06/2026,05:00:43
13.58,02/06/2026,05:00:44
14.01,02/06/2026,05:00:44
14.01,02/06/2026,05:00:44
14.01,02/06/2026,05:00:44
14.42,02/06/2026,05:00:44
14.42,02/06/2026,05:00:44
14.42,02/06/2026,05:00:44
14.84,02/06/2026,05:00:44
14.84,02/06/2026,05:00:44
14.84,02/06/2026,05:00:44
14.42,02/06/2026,05:00:44
14.01,02/06/2026,05:00:45
13.99,02/06/2026,05:00:45
13.99,02/06/2026,05:00:45
13.99,02/06/2026,05:00:45
13.58,02/06/2026,05:00:45
13.99,02/06/2026,05:00:45
14.01,02/06/2026,05:00:45
14.01,02/06/2026,05:00:45
13.58,02/06/2026,05:00:45
13.99,02/06/2026,05:00:46
14.11,02/06/2026,05:00:46
14.11,02/06/2026,05:00:46
14.09,02/06/2026,05:00:46
14.09,02/06/2026,05:00:46
14.11,02/06/2026,05:00:46
14.11,02/06/2026,05:00:46
13.69,02/06/2026,05:00:46
13.69,02/06/2026,05:00:46
13.69,02/06/2026,05:00:46
14.11,02/06/2026,05:00:47
14.01,02/06/2026,05:00:47
14.01,02/06/2026,05:00:47
14.01,02/06/2026,05:00:47
13.99,02/06/2026,05:00:47
14.01,02/06/2026,05:00:47
14.01,02/06/2026,05:00:47
14.01,02/06/2026,05:00:47
14.01,02/06/2026,05:00:47
14.01,02/06/2026,05:00:47
14.42,02/06/2026,05:00:48
14.42,02/06/2026,05:00:48
14.43,02/06/2026,05:00:48
14.42,02/06/2026,05:00:48
14.42,02/06/2026,05:00:48
14.43,02/06/2026,05:00:48
14.43,02/06/2026,05:00:48
14.43,02/06/2026,05:00:48
14.01,02/06/2026,05:00:48
13.99,02/06/2026,05:00:48
13.58,02/06/2026,05:00:49
14.01,02/06/2026,05:00:49
13.99,02/06/2026,05:00:49
14.01,02/06/2026,05:00:49
14.01,02/06/2026,05:00:49
14.01,02/06/2026,05:00:49
14.01,02/06/2026,05:00:49
14.01,02/06/2026,05:00:49
13.58,02/06/2026,05:00:49
14.01,02/06/2026,05:00:49
14.01,02/06/2026,05:00:50
14.01,02/06/2026,05:00:50
13.58,02/06/2026,05:00:50
13.63,02/06/2026,05:00:50
13.63,02/06/2026,05:00:50
13.69,02/06/2026,05:00:50
13.69,02/06/2026,05:00:50
13.52,02/06/2026,05:00:50
13.48,02/06/2026,05:00:50
12.73,02/06/2026,05:00:50
12.73,02/06/2026,05:00:51
12.73,02/06/2026,05:00:51
12.73,02/06/2026,05:00:51
12.73,02/06/2026,05:00:51
12.73,02/06/2026,05:00:51
12.73,02/06/2026,05:00:51
12.73,02/06/2026,05:00:51
12.73,02/06/2026,05:00:51
12.75,02/06/2026,05:00:51
12.73,02/06/2026,05:00:51
12.73,02/06/2026,05:00:52
12.73,02/06/2026,05:00:52
12.73,02/06/2026,05:00:52
12.73,02/06/2026,05:00:52
12.84,02/06/2026,05:00:52
13.52,02/06/2026,05:00:52
13.52,02/06/2026,05:00:52
13.52,02/06/2026,05:00:52
13.26,02/06/2026,05:00:52
13.52,02/06/2026,05:00:52
13.69,02/06/2026,05:00:53
13.69,02/06/2026,05:00:53
13.69,02/06/2026,05:00:53
13.69,02/06/2026,05:00:53
13.69,02/06/2026,05:00:53
13.69,02/06/2026,05:00:53
13.69,02/06/2026,05:00:53
13.69,02/06/2026,05:00:53
13.69,02/06/2026,05:00:53
13.69,02/06/2026,05:00:54
13.69,02/06/2026,05:00:54
13.69,02/06/2026,05:00:54
13.69,02/06/2026,05:00:54
13.63,02/06/2026,05:00:54
13.58,02/06/2026,05:00:54
13.99,02/06/2026,05:00:54
14.01,02/06/2026,05:00:54
14.01,02/06/2026,05:00:54
14.01,02/06/2026,05:00:54
14.01,02/06/2026,05:00:55
14.01,02/06/2026,05:00:55
14.01,02/06/2026,05:00:55
13.99,02/06/2026,05:00:55
14.01,02/06/2026,05:00:55
13.99,02/06/2026,05:00:55
14.01,02/06/2026,05:00:55
14.01,02/06/2026,05:00:55
14.01,02/06/2026,05:00:55
13.58,02/06/2026,05:00:55
14.01,02/06/2026,05:00:56
14.01,02/06/2026,05:00:56
14.01,02/06/2026,05:00:56
14.43,02/06/2026,05:00:56
14.84,02/06/2026,05:00:56
14.01,02/06/2026,05:00:56
13.41,02/06/2026,05:00:56
13.16,02/06/2026,05:00:56
14.01,02/06/2026,05:00:56
14.84,02/06/2026,05:00:56
14.42,02/06/2026,05:00:57
14.01,02/06/2026,05:00:57
13.58,02/06/2026,05:00:57
13.41,02/06/2026,05:00:57
13.41,02/06/2026,05:00:57
12.73,02/06/2026,05:00:57
12.75,02/06/2026,05:00:57
12.73,02/06/2026,05:00:57
12.73,02/06/2026,05:00:57
12.73,02/06/2026,05:00:57
12.73,02/06/2026,05:00:58
12.33,02/06/2026,05:00:58
12.73,02/06/2026,05:00:58
12.73,02/06/2026,05:00:58
13.41,02/06/2026,05:00:58
12.84,02/06/2026,05:00:58
12.85,02/06/2026,05:00:58
12.43,02/06/2026,05:00:58
12.84,02/06/2026,05:00:58
12.84,02/06/2026,05:00:58
12.75,02/06/2026,05:00:59
12.73,02/06/2026,05:00:59
13.16,02/06/2026,05:00:59
13.58,02/06/2026,05:00:59
13.58,02/06/2026,05:00:59
13.58,02/06/2026,05:00:59
13.58,02/06/2026,05:00:59
13.16,02/06/2026,05:00:59
13.16,02/06/2026,05:00:59
13.16,02/06/2026,05:00:59
13.16,02/06/2026,05:01:00
13.58,02/06/2026,05:01:00
13.58,02/06/2026,05:01:00
14.01,02/06/2026,05:01:00
14.01,02/06/2026,05:01:00
13.58,02/06/2026,05:01:00
13.58,02/06/2026,05:01:00
14.01,02/06/2026,05:01:00
13.99,02/06/2026,05:01:00
14.43,02/06/2026,05:01:01
14.42,02/06/2026,05:01:01
14.43,02/06/2026,05:01:01
14.04,02/06/2026,05:01:01
14.11,02/06/2026,05:01:01
14.11,02/06/2026,05:01:01
14.11,02/06/2026,05:01:01
14.11,02/06/2026,05:01:01
14.09,02/06/2026,05:01:01
14.11,02/06/2026,05:01:01
13.69,02/06/2026,05:01:02
13.67,02/06/2026,05:01:02
14.01,02/06/2026,05:01:02
14.01,02/06/2026,05:01:02
14.01,02/06/2026,05:01:02
14.43,02/06/2026,05:01:02
14.42,02/06/2026,05:01:02
14.43,02/06/2026,05:01:02
14.42,02/06/2026,05:01:02
14.01,02/06/2026,05:01:02
13.58,02/06/2026,05:01:03
13.58,02/06/2026,05:01:03
14.01,02/06/2026,05:01:03
14.42,02/06/2026,05:01:03
14.43,02/06/2026,05:01:03
14.43,02/06/2026,05:01:03
14.42,02/06/2026,05:01:03
14.42,02/06/2026,05:01:03
14.01,02/06/2026,05:01:03
14.01,02/06/2026,05:01:03
13.99,02/06/2026,05:01:04
13.58,02/06/2026,05:01:04
13.58,02/06/2026,05:01:04
13.58,02/06/2026,05:01:04
13.99,02/06/2026,05:01:04
14.43,02/06/2026,05:01:04
14.01,02/06/2026,05:01:04
13.58,02/06/2026,05:01:04
13.41,02/06/2026,05:01:04
12.33,02/06/2026,05:01:04
12.31,02/06/2026,05:01:05
12.31,02/06/2026,05:01:05
12.75,02/06/2026,05:01:05
12.73,02/06/2026,05:01:05
12.73,02/06/2026,05:01:05
13.41,02/06/2026,05:01:05
13.58,02/06/2026,05:01:05
13.58,02/06/2026,05:01:05
13.58,02/06/2026,05:01:05
13.58,02/06/2026,05:01:05
13.58,02/06/2026,05:01:06
13.99,02/06/2026,05:01:06
14.01,02/06/2026,05:01:06
14.01,02/06/2026,05:01:06
13.58,02/06/2026,05:01:06
13.58,02/06/2026,05:01:06
13.16,02/06/2026,05:01:06
13.41,02/06/2026,05:01:06
12.73,02/06/2026,05:01:06
12.73,02/06/2026,05:01:06
13.58,02/06/2026,05:01:07
13.58,02/06/2026,05:01:07
13.58,02/06/2026,05:01:07
13.41,02/06/2026,05:01:07
12.73,02/06/2026,05:01:07
13.41,02/06/2026,05:01:07
13.41,02/06/2026,05:01:07
13.58,02/06/2026,05:01:07
13.26,02/06/2026,05:01:07
13.69,02/06/2026,05:01:07
13.6,02/06/2026,05:01:08
13.58,02/06/2026,05:01:08
13.58,02/06/2026,05:01:08
13.58,02/06/2026,05:01:08
13.58,02/06/2026,05:01:08
13.45,02/06/2026,05:01:08
13.52,02/06/2026,05:01:08
13.52,02/06/2026,05:01:08
13.52,02/06/2026,05:01:09
13.52,02/06/2026,05:01:09
13.52,02/06/2026,05:01:09
12.84,02/06/2026,05:01:09
12.84,02/06/2026,05:01:09
13.26,02/06/2026,05:01:09
12.84,02/06/2026,05:01:09
13.52,02/06/2026,05:01:09
13.26,02/06/2026,05:01:09
13.52,02/06/2026,05:01:09
13.52,02/06/2026,05:01:09
13.52,02/06/2026,05:01:10
12.85,02/06/2026,05:01:10
12.73,02/06/2026,05:01:10
13.58,02/06/2026,05:01:10
13.58,02/06/2026,05:01:10
14.01,02/06/2026,05:01:10
14.01,02/06/2026,05:01:10
13.16,02/06/2026,05:01:10
13.16,02/06/2026,05:01:10
13.16,02/06/2026,05:01:10
13.41,02/06/2026,05:01:11
13.58,02/06/2026,05:01:11
13.16,02/06/2026,05:01:11
13.16,02/06/2026,05:01:11
13.16,02/06/2026,05:01:11
12.73,02/06/2026,05:01:11
13.16,02/06/2026,05:01:11
13.16,02/06/2026,05:01:11
13.16,02/06/2026,05:01:11
12.73,02/06/2026,05:01:11
12.73,02/06/2026,05:01:12
12.31,02/06/2026,05:01:12
12.31,02/06/2026,05:01:12
12.33,02/06/2026,05:01:12
12.33,02/06/2026,05:01:12
12.31,02/06/2026,05:01:12
12.43,02/06/2026,05:01:12
12.43,02/06/2026,05:01:12
12.43,02/06/2026,05:01:12
12.41,02/06/2026,05:01:12
12.31,02/06/2026,05:01:13
